player_id,name,nationality,position,team_name,minutes,appearances,goals,assists,shots_total,shots_on,passes_total,passes_key,avg_minutes_played,shots_per_game,conversion_rate,position_encoded
1093,E. Mwepu,Zambia,Midfielder,Brighton,1208,24,2,5,18,9,460,12,50.333,0.75,0.111,0
18804,T. Cleverley,England,Midfielder,Watford,1623,28,0,2,8,7,596,20,57.964,0.286,0.0,0
18826,M. Noble,England,Midfielder,West Ham,326,11,1,0,2,2,297,1,29.636,0.182,0.5,0
18849,J. McArthur,Scotland,Midfielder,Crystal Palace,1488,25,0,3,5,3,961,16,59.52,0.2,0.0,0
18956,S. Long,Republic of Ireland,Attacker,Southampton,301,13,1,0,6,5,71,2,23.154,0.462,0.167,1
18977,D. Stephens,England,Midfielder,Burnley,122,3,0,0,1,0,57,1,40.667,0.333,0.0,0
314661,J. Danns,England,Attacker,Liverpool,17,3,0,0,0,0,8,0,5.667,0.0,0.0,1
507,Thiago Alcântara,Spain,Midfielder,Liverpool,2797,44,1,4,14,7,2593,46,63.568,0.318,0.071,0
630,F. Delph,England,Midfielder,Everton,665,11,0,0,0,0,306,4,60.455,0.0,0.0,0
2991,C. Kouyaté,Senegal,Midfielder,Crystal Palace,3061,60,1,1,16,6,1117,13,51.017,0.267,0.062,0
18769,T. Walcott,England,Attacker,Southampton,1514,29,2,2,19,8,321,16,52.207,0.655,0.105,1
18777,M. Albrighton,England,Midfielder,Leicester,1359,23,2,2,5,2,540,17,59.087,0.217,0.4,0
18874,D. Gosling,England,Midfielder,Watford,165,4,1,0,2,1,63,1,41.25,0.5,0.5,0
18925,A. Lennon,England,Midfielder,Burnley,1548,28,2,0,8,4,336,9,55.286,0.286,0.25,0
640,Fernandinho,Brazil,Midfielder,Manchester City,958,19,2,1,15,4,838,10,50.421,0.789,0.133,0
720,L. Rupp,Germany,Midfielder,Norwich,762,19,0,0,8,2,384,9,40.105,0.421,0.0,0
1276,S. Kalu,Nigeria,Attacker,Watford,221,4,0,0,4,1,61,1,55.25,1.0,0.0,1
18808,T. Deeney,England,Attacker,Watford,23,2,0,0,2,0,7,1,11.5,1.0,0.0,1
44928,S. McKinstry,Scotland,Midfielder,Leeds,3,1,0,0,0,0,3,0,3.0,0.0,0.0,0
295,A. Lallana,England,Midfielder,Brighton,3500,79,2,5,32,11,2021,41,44.304,0.405,0.062,0
935,Rodrigo,Spain,Attacker,Leeds,4215,62,19,2,81,45,1389,55,67.984,1.306,0.235,1
2699,S. Ghoddos,Iran,Attacker,Brentford,1381,51,2,1,12,6,627,19,27.078,0.235,0.167,1
18834,A. Yarmolenko,Ukraine,Midfielder,West Ham,299,19,1,0,10,5,101,4,15.737,0.526,0.1,0
18981,J. Locadia,Curaçao,Attacker,Brighton,22,1,0,0,1,0,1,0,22.0,1.0,0.0,1
20557,I. Diallo,France,Midfielder,Southampton,1833,41,0,2,11,4,843,20,44.707,0.268,0.0,0
31023,J. Kucka,Slovakia,Midfielder,Watford,1923,26,1,1,35,11,678,10,73.962,1.346,0.029,0
305,D. Origi,Belgium,Attacker,Liverpool,724,27,3,1,18,9,168,7,26.815,0.667,0.167,1
1452,Mohamed Elneny,Egypt,Midfielder,Arsenal,934,22,0,2,7,3,665,9,42.455,0.318,0.0,0
2860,K. Sema,Sweden,Midfielder,Watford,844,18,0,0,1,1,188,12,46.889,0.056,0.0,0
18852,L. Milivojević,Serbia,Midfielder,Crystal Palace,1279,33,0,0,9,0,702,13,38.758,0.273,0.0,0
18881,J. King,Norway,Attacker,Watford,2250,32,5,3,39,17,499,35,70.312,1.219,0.128,1
18922,J. Cork,England,Midfielder,Burnley,1699,24,1,0,4,2,596,6,70.792,0.167,0.25,0
18924,J. Hendrick,Republic of Ireland,Midfielder,Newcastle,70,3,1,0,1,1,29,1,23.333,0.333,1.0,0
18930,M. Vydra,Czechia,Attacker,Burnley,666,22,2,3,15,7,102,6,30.273,0.682,0.133,1
153261,N. Young-Coombes,England,Attacker,Brentford,3,1,0,0,0,0,0,0,3.0,0.0,0.0,1
174,C. Eriksen,Denmark,Midfielder,Brentford,5195,84,4,16,58,27,3346,125,61.845,0.69,0.069,0
2289,Jorginho,Italy,Midfielder,Chelsea,6032,100,8,6,24,9,4593,50,60.32,0.24,0.333,0
2678,Diogo Jota,Portugal,Attacker,Liverpool,5848,104,38,14,163,77,1798,91,56.231,1.567,0.233,1
18788,J. Vardy,England,Attacker,Leicester,6498,97,27,10,119,67,877,52,66.99,1.227,0.227,1
18945,S. Armstrong,Scotland,Midfielder,Southampton,2873,57,4,1,39,16,1320,43,50.404,0.684,0.103,0
19251,A. Fletcher,England,Attacker,Watford,27,3,0,0,2,1,6,0,9.0,0.667,0.0,1
19195,A. El Ghazi,Netherlands,Attacker,Everton,394,11,1,2,14,6,206,10,35.818,1.273,0.071,1
138793,H. White,England,Midfielder,Tottenham,4,1,0,0,0,0,5,0,4.0,0.0,0.0,0
162446,L. Bate,England,Midfielder,Leeds,146,3,0,0,1,0,61,0,48.667,0.333,0.0,0
284408,S. Perkins,England,Attacker,West Ham,3,1,0,0,0,0,1,0,3.0,0.0,0.0,1
17676,L. McCarron,Scotland,Midfielder,Leeds,9,1,0,0,0,0,2,0,9.0,0.0,0.0,0
18853,J. Riedewald,Netherlands,Midfielder,Crystal Palace,403,18,0,0,2,0,202,2,22.389,0.111,0.0,0
19831,T. Fosu,Ghana,Attacker,Brentford,16,1,0,0,1,1,6,0,16.0,1.0,0.0,1
154807,Daniel Chesters,England,Midfielder,West Ham,0,1,0,0,0,0,0,0,0.0,0.0,0.0,0
158432,C. Campbell,Wales,Midfielder,Wolves,81,6,0,0,2,0,37,0,13.5,0.333,0.0,0
162493,M. Craig,Scotland,Midfielder,Tottenham,13,1,0,0,0,0,6,0,13.0,0.0,0.0,0
76,M. Nakamba,Zimbabwe,Midfielder,Aston Villa,2037,29,0,0,8,0,1214,16,70.241,0.276,0.0,0
19362,J. Dasilva,England,Midfielder,Brentford,1654,48,4,2,11,6,672,17,34.458,0.229,0.364,0
20110,S. Baptiste,Grenada,Midfielder,Brentford,1733,55,2,2,11,7,663,23,31.509,0.2,0.182,0
286764,Kaide Gordon,England,Attacker,Liverpool,8,2,0,0,1,1,5,0,4.0,0.5,0.0,1
48,Saúl,Spain,Midfielder,Chelsea,477,10,0,0,3,1,325,3,47.7,0.3,0.0,0
18904,J. Shelvey,England,Midfielder,Newcastle,2561,35,2,1,25,14,951,16,73.171,0.714,0.08,0
18946,M. Elyounoussi,Norway,Midfielder,Southampton,4225,63,5,3,57,30,1185,46,67.063,0.905,0.088,0
19085,T. Pukki,Finland,Attacker,Norwich,3261,37,11,3,51,27,524,27,88.135,1.378,0.216,1
19139,T. Roberts,Wales,Attacker,Leeds,974,23,1,1,25,13,280,15,42.348,1.087,0.04,1
278064,T. Springett,England,Attacker,Norwich,140,3,0,0,1,1,36,2,46.667,0.333,0.0,1
172,D. Alli,England,Midfielder,Everton,1025,23,1,0,2,0,311,16,44.565,0.087,0.5,0
548,H. Ziyech,Morocco,Midfielder,Chelsea,1969,41,4,6,44,22,948,46,48.024,1.073,0.091,0
2664,Trézéguet,Egypt,Attacker,Aston Villa,10,1,0,0,0,0,6,0,10.0,0.0,0.0,1
2790,J. Guðmunds­son,Iceland,Midfielder,Burnley,2294,44,1,4,24,11,756,43,52.136,0.545,0.042,0
18854,A. Townsend,England,Attacker,Everton,2666,48,4,5,27,17,742,49,55.542,0.562,0.148,1
18957,M. Obafemi,Republic of Ireland,Attacker,Southampton,19,2,0,0,2,0,5,0,9.5,1.0,0.0,1
19134,P. Bamford,England,Attacker,Leeds,2081,37,6,4,52,22,430,17,56.243,1.405,0.115,1
19166,D. Gayle,England,Attacker,Newcastle,30,8,0,0,2,0,16,2,3.75,0.25,0.0,1
53525,M. Normann,Norway,Midfielder,Norwich,1652,23,1,2,20,5,747,13,71.826,0.87,0.05,0
138906,J. White,England,Midfielder,Newcastle,9,4,0,0,0,0,12,0,2.25,0.0,0.0,0
178,Lucas Moura,Brazil,Attacker,Tottenham,1912,49,3,6,30,13,800,39,39.02,0.612,0.1,1
326,Allan,Brazil,Midfielder,Everton,2188,28,0,2,4,3,958,15,78.143,0.143,0.0,0
645,R. Sterling,England,Attacker,Manchester City,6509,106,27,16,120,68,2472,122,61.406,1.132,0.225,1
900,J. Lingard,England,Midfielder,Manchester United,1283,33,2,0,11,8,427,19,38.879,0.333,0.182,0
18819,M. Antonio,Jamaica,Attacker,West Ham,7368,109,22,14,123,60,1342,78,67.596,1.128,0.179,1
18948,N. Redmond,England,Midfielder,Southampton,1963,40,1,5,15,9,738,38,49.075,0.375,0.067,0
18949,Oriol Romeu,Spain,Midfielder,Southampton,2974,37,2,2,18,4,1702,37,80.378,0.486,0.111,0
19268,J. Brownhill,England,Midfielder,Burnley,5201,68,6,5,42,20,2152,74,76.485,0.618,0.143,0
19772,A. Connolly,Republic of Ireland,Attacker,Brighton,154,4,0,0,1,0,19,1,38.5,0.25,0.0,1
305819,Kayky,Brazil,Attacker,Manchester City,6,1,0,0,0,0,2,0,6.0,0.0,0.0,1
18762,T. Davies,England,Midfielder,Everton,976,34,1,0,12,5,403,3,28.706,0.353,0.083,0
18803,N. Chalobah,England,Midfielder,Watford,10,4,0,0,1,1,5,0,2.5,0.25,0.0,0
18955,D. Ings,England,Attacker,Aston Villa,4155,100,17,8,95,55,871,44,41.55,0.95,0.179,1
19136,J. Clarke,England,Attacker,Tottenham,1172,32,0,4,9,2,370,28,36.625,0.281,0.0,1
40774,P. Płacheta,Poland,Midfielder,Norwich,504,12,0,0,7,7,132,4,42.0,0.583,0.0,0
126791,N. Broadhead,Wales,Attacker,Everton,696,18,2,0,9,8,216,7,38.667,0.5,0.222,1
138931,J. Philogene,England,Attacker,Aston Villa,806,23,2,0,12,0,168,2,35.043,0.522,0.167,1
283290,K. McAteer,England,Midfielder,Leicester,853,19,1,1,12,7,219,9,44.895,0.632,0.083,0
284428,O. Hutchinson,Jamaica,Attacker,Arsenal,2616,32,3,2,28,19,799,32,81.75,0.875,0.107,1
639,T. Richards,England,Midfielder,Brighton,23,2,0,0,0,0,27,1,11.5,0.0,0.0,0
18820,C. Coventry,Republic of Ireland,Midfielder,West Ham,0,1,0,0,0,0,0,0,0.0,0.0,0.0,0
18899,I. Hayden,England,Midfielder,Newcastle,1003,14,1,0,3,1,332,2,71.643,0.214,0.333,0
19072,T. Cantwell,England,Midfielder,Norwich,441,8,0,0,4,0,151,2,55.125,0.5,0.0,0
19127,A. Forshaw,England,Midfielder,Leeds,2006,34,0,1,10,4,1048,21,59.0,0.294,0.0,0
19169,J. Rodríguez,England,Attacker,Burnley,2185,50,4,3,47,19,517,16,43.7,0.94,0.085,1
19569,J. Gelhardt,England,Attacker,Leeds,934,35,2,4,21,12,224,11,26.686,0.6,0.095,1
179,M. Sissoko,France,Midfielder,Watford,3221,36,2,0,0,0,0,0,89.472,0.0,inf,0
1424,E. Kayembe,Congo DR,Midfielder,Watford,800,13,0,0,3,0,433,6,61.538,0.231,0.0,0
18785,N. Mendy,Senegal,Midfielder,Leicester,1783,33,1,0,3,2,1054,3,54.03,0.091,0.333,0
18873,R. Fraser,Scotland,Midfielder,Newcastle,2087,43,2,3,21,10,576,32,48.535,0.488,0.095,0
19484,A. Armstrong,England,Attacker,Southampton,4002,73,6,5,70,35,857,33,54.822,0.959,0.086,1
21100,I. Louza,Morocco,Midfielder,Watford,1422,20,0,0,11,4,650,15,71.1,0.55,0.0,0
130421,W. Smallbone,Republic of Ireland,Midfielder,Southampton,815,22,1,0,4,1,346,11,37.045,0.182,0.25,0
137302,C. Archer,England,Attacker,Aston Villa,3338,74,6,0,44,22,519,10,45.108,0.595,0.136,1
278085,S. Edozie,England,Midfielder,Manchester City,622,19,0,0,4,3,181,9,32.737,0.211,0.0,0
304317,T. Dibling,England,Midfielder,Southampton,1872,33,2,0,20,9,585,20,56.727,0.606,0.1,0
18781,D. Gray,Jamaica,Attacker,Everton,4864,67,9,5,77,41,1291,79,72.597,1.149,0.117,1
18843,J. Schlupp,Ghana,Midfielder,Crystal Palace,5840,107,9,4,60,31,1861,59,54.579,0.561,0.15,0
18903,M. Ritchie,Scotland,Midfielder,Newcastle,1482,38,1,2,11,5,619,30,39.0,0.289,0.091,0
19077,K. McLean,Scotland,Midfielder,Norwich,2706,31,1,0,19,6,1035,10,87.29,0.613,0.053,0
25332,J. Sargent,USA,Attacker,Norwich,1578,26,2,1,11,3,393,11,60.692,0.423,0.182,1
138786,E. Simms,England,Attacker,Everton,283,12,1,0,4,1,73,2,23.583,0.333,0.25,1
144732,T. Doyle,England,Midfielder,Manchester City,1683,50,0,1,18,5,1281,15,33.66,0.36,0.0,0
149564,L. Cundle,England,Midfielder,Wolves,179,4,0,0,0,0,103,2,44.75,0.0,0.0,0
153425,L. Dobbin,England,Attacker,Everton,251,15,1,0,5,2,62,4,16.733,0.333,0.2,1
180,O. Skipp,England,Midfielder,Tottenham,4660,86,1,0,14,7,2965,44,54.186,0.163,0.071,0
182,H. Winks,England,Midfielder,Tottenham,2444,41,0,3,11,5,1656,29,59.61,0.268,0.0,0
1098,P. Daka,Zambia,Attacker,Leicester,3062,76,10,7,54,36,632,31,40.289,0.711,0.185,1
3428,J. Ayew,Ghana,Attacker,Crystal Palace,8958,135,16,13,80,39,2319,80,66.356,0.593,0.2,1
18779,H. Choudhury,England,Midfielder,Leicester,416,10,0,0,1,0,225,2,41.6,0.1,0.0,0
19363,M. Forss,Finland,Attacker,Brentford,203,7,0,1,2,0,36,1,29.0,0.286,0.0,1
22233,B. Soumaré,France,Midfielder,Leicester,4906,76,0,1,11,2,2655,28,64.553,0.145,0.0,0
284267,I. Price,Northern Ireland,Midfielder,Everton,44,2,0,0,1,0,15,1,22.0,0.5,0.0,0
274,E. Cavani,Uruguay,Attacker,Manchester United,762,15,2,1,14,8,230,7,50.8,0.933,0.143,1
671,B. Traoré,Burkina Faso,Attacker,Aston Villa,222,11,0,0,8,4,149,1,20.182,0.727,0.0,1
901,Mata,Spain,Midfielder,Manchester United,232,7,0,0,3,1,208,2,33.143,0.429,0.0,0
908,A. Martial,France,Attacker,Manchester United,1632,42,8,2,31,20,539,19,38.857,0.738,0.258,1
2294,Willian,Brazil,Attacker,Arsenal,4203,58,9,7,60,36,2093,103,72.466,1.034,0.15,1
2473,M. Lanzini,Argentina,Midfielder,West Ham,2032,40,6,3,14,8,1375,24,50.8,0.35,0.429,0
18902,Kenedy,Brazil,Midfielder,Chelsea,59,1,0,1,0,0,46,2,59.0,0.0,0.0,0
22173,A. Saint-Maximin,France,Attacker,Newcastle,3928,60,6,10,65,39,1080,81,65.467,1.083,0.092,1
25416,W. Weghorst,Netherlands,Attacker,Burnley,2253,37,2,4,36,14,633,28,60.892,0.973,0.056,1
162189,M. Bidstrup,Denmark,Midfielder,Brentford,37,4,0,0,0,0,13,0,9.25,0.0,0.0,0
163054,S. Shoretire,England,Attacker,Manchester United,15,1,0,0,0,0,5,0,15.0,0.0,0.0,1
662,T. Ndombélé,France,Midfielder,Tottenham,486,9,1,1,5,3,264,4,54.0,0.556,0.2,0
897,M. Greenwood,England,Attacker,Manchester United,1281,18,5,1,38,19,463,17,71.167,2.111,0.132,1
1101,T. Minamino,Japan,Midfielder,Liverpool,176,11,3,0,5,4,68,2,16.0,0.455,0.6,0
1465,P. Aubameyang,Gabon,Attacker,Arsenal,1590,29,5,1,38,25,302,13,54.828,1.31,0.132,1
1914,M. Sanson,France,Midfielder,Aston Villa,361,12,0,0,1,0,160,1,30.083,0.083,0.0,0
2735,P. Højbjerg,Denmark,Midfielder,Tottenham,7619,107,6,7,55,26,6170,65,71.206,0.514,0.109,0
3240,J. Gbamin,Côte d'Ivoire,Midfielder,Everton,66,3,0,0,0,0,22,0,22.0,0.0,0.0,0
19364,N. Maupay,France,Attacker,Brighton,4815,90,15,8,94,47,1347,55,53.5,1.044,0.16,1
22170,P. Lees-Melou,France,Midfielder,Norwich,2271,33,1,0,22,9,990,25,68.818,0.667,0.045,0
40911,J. Moder,Poland,Midfielder,Brighton,2321,49,0,3,25,9,1068,24,47.367,0.51,0.0,0
138835,F. Balogun,USA,Attacker,Arsenal,70,2,0,0,3,0,9,0,35.0,1.5,0.0,1
278095,J. Rowe,England,Attacker,Norwich,210,13,0,1,3,2,66,5,16.154,0.231,0.0,1
842,N. Vlašić,Croatia,Midfielder,West Ham,553,19,1,0,4,3,203,9,29.105,0.211,0.25,0
877,M. Kean,Italy,Attacker,Everton,0,1,0,0,0,0,1,0,0.0,0.0,0.0,1
902,N. Matić,Serbia,Midfielder,Manchester United,1383,23,0,4,5,1,1038,14,60.13,0.217,0.0,0
904,P. Pogba,France,Midfielder,Manchester United,1353,20,1,9,23,8,877,24,67.65,1.15,0.043,0
1456,A. Maitland-Niles,England,Midfielder,Arsenal,1667,30,0,0,3,2,1383,23,55.567,0.1,0.0,0
18765,André Gomes,Portugal,Midfielder,Everton,1121,26,1,1,13,8,535,8,43.115,0.5,0.077,0
18767,A. Lookman,Nigeria,Attacker,Leicester,1456,26,6,0,16,12,507,23,56.0,0.615,0.375,1
19524,C. Adams,Scotland,Attacker,Southampton,4040,58,12,6,75,39,942,50,69.655,1.293,0.16,1
162590,T. Morton,England,Midfielder,Liverpool,66,2,0,0,0,0,35,0,33.0,0.0,0.0,0
17,C. Pulišić,USA,Midfielder,Chelsea,2097,46,7,3,36,17,713,27,45.587,0.783,0.194,0
294,N. Keïta,Guinea,Midfielder,Liverpool,1466,31,3,1,19,7,907,23,47.29,0.613,0.158,0
629,K. De Bruyne,Belgium,Midfielder,Manchester City,7564,108,30,41,170,87,4537,303,70.037,1.574,0.176,0
903,S. McTominay,Scotland,Midfielder,Manchester United,5449,88,9,2,59,32,2310,42,61.92,0.67,0.153,0
907,R. Lukaku,Belgium,Attacker,Chelsea,1584,26,8,0,28,15,317,24,60.923,1.077,0.286,1
983,L. Bailey,Jamaica,Midfielder,Aston Villa,5954,110,16,17,96,46,1682,106,54.127,0.873,0.167,0
1166,T. Werner,Germany,Attacker,Chelsea,2608,52,6,7,54,26,893,33,50.154,1.038,0.111,1
1234,A. Král,Czechia,Midfielder,West Ham,0,1,0,0,0,0,2,0,0.0,0.0,0.0,0
2292,R. Loftus-Cheek,England,Midfielder,Chelsea,2929,49,0,3,17,8,1810,35,59.776,0.347,0.0,0
19185,K. Davis,England,Attacker,Aston Villa,11,1,0,0,0,0,3,0,11.0,0.0,0.0,1
129643,E. Ferguson,Republic of Ireland,Attacker,Brighton,2723,68,13,2,67,41,641,23,40.044,0.985,0.194,1
130423,B. Gilmour,Scotland,Midfielder,Norwich,4587,70,0,4,29,10,4072,51,65.529,0.414,0.0,0
231029,N. Tella,England,Attacker,Southampton,809,14,0,1,9,5,161,7,57.786,0.643,0.0,1
184,H. Kane,England,Attacker,Tottenham,6640,75,47,12,197,118,1725,110,88.533,2.627,0.239,1
547,D. van de Beek,Netherlands,Midfielder,Everton,716,23,2,0,7,2,544,8,31.13,0.304,0.286,0
2461,S. Rondón,Venezuela,Attacker,Everton,886,27,1,1,18,7,214,10,32.815,0.667,0.056,1
2489,L. Díaz,Colombia,Attacker,Liverpool,7017,103,29,15,157,83,2730,154,68.126,1.524,0.185,1
2778,K. Ịheanachọ,Nigeria,Attacker,Leicester,2380,54,9,10,56,26,654,39,44.074,1.037,0.161,1
2922,L. Dendoncker,Belgium,Midfielder,Wolves,2959,62,3,2,23,11,1430,21,47.726,0.371,0.13,0
18970,P. Groß,Germany,Midfielder,Brighton,8403,102,15,22,78,48,6065,247,82.382,0.765,0.192,0
19617,M. Olise,France,Midfielder,Crystal Palace,5169,82,14,22,80,45,2311,132,63.037,0.976,0.175,0
67972,C. Gallagher,England,Midfielder,Crystal Palace,7602,106,16,11,94,51,3788,112,71.717,0.887,0.17,0
129791,Fábio Silva,Portugal,Attacker,Wolves,822,30,0,0,20,9,211,7,27.4,0.667,0.0,1
138935,C. Chukwuemeka,England,Midfielder,Aston Villa,861,35,1,2,7,5,653,22,24.6,0.2,0.143,0
49,T. Partey,Ghana,Midfielder,Arsenal,8103,106,9,3,74,25,5612,68,76.443,0.698,0.122,0
909,M. Rashford,England,Attacker,Manchester United,7824,118,34,13,165,97,2124,90,66.305,1.398,0.206,1
931,Ferran Torres,Spain,Attacker,Manchester City,305,4,2,1,8,4,70,1,76.25,2.0,0.25,1
1496,Raphinha,Brazil,Attacker,Leeds,2922,35,11,3,62,25,1074,67,83.486,1.771,0.177,1
1578,G. Lo Celso,Argentina,Midfielder,Tottenham,728,31,2,2,17,7,633,23,23.484,0.548,0.118,0
1697,Pablo Fornals,Spain,Midfielder,West Ham,4724,83,9,4,58,22,2217,73,56.916,0.699,0.155,0
3246,N. Pépé,Côte d'Ivoire,Attacker,Arsenal,681,20,1,2,18,9,319,12,34.05,0.9,0.056,1
18906,Ayoze Pérez,Spain,Attacker,Leicester,823,22,2,4,14,8,302,22,37.409,0.636,0.143,1
19352,Sergi Canós,Spain,Midfielder,Brentford,2166,36,3,2,24,13,705,19,60.167,0.667,0.125,0
47582,C. Hernández,Colombia,Attacker,Watford,1139,25,5,2,24,11,337,20,45.56,0.96,0.208,1
2287,R. Barkley,England,Midfielder,Chelsea,3364,58,9,5,67,29,1922,64,58.0,1.155,0.134,0
2926,Y. Tielemans,Belgium,Midfielder,Leicester,9636,131,14,19,92,46,6101,149,73.557,0.702,0.152,0
19071,E. Buendía,Argentina,Midfielder,Aston Villa,4409,85,9,8,65,25,1903,91,51.871,0.765,0.138,0
19191,J.  McGinn,Scotland,Midfielder,Aston Villa,11032,138,11,15,112,48,4144,147,79.942,0.812,0.098,0
19192,J. Ramsey,England,Midfielder,Aston Villa,7602,114,14,12,74,33,2758,96,66.684,0.649,0.189,0
19366,O. Watkins,England,Attacker,Aston Villa,11929,147,61,29,275,166,2228,136,81.15,1.871,0.222,1
24888,Hwang Hee-Chan,Korea Republic,Attacker,Wolves,5724,107,22,5,70,40,1609,46,53.495,0.654,0.314,1
723,Joelinton,Brazil,Midfielder,Newcastle,8909,116,16,6,116,57,3762,102,76.802,1.0,0.138,0
899,Andreas Pereira,Brazil,Midfielder,Manchester United,7380,103,9,17,114,48,2700,203,71.65,1.107,0.079,0
1161,E. Smith Rowe,England,Midfielder,Arsenal,4488,92,16,11,92,53,3056,88,48.783,1.0,0.174,0
1455,A. Iwobi,Nigeria,Attacker,Everton,10760,136,18,15,99,54,3524,169,79.118,0.728,0.182,1
1463,J. Willock,England,Midfielder,Newcastle,6118,105,6,8,105,46,2467,105,58.267,1.0,0.057,0
2887,R. Jiménez,Mexico,Attacker,Wolves,7388,111,25,8,195,92,2300,93,66.559,1.757,0.128,1
10135,Bruno Guimarães,Brazil,Midfielder,Newcastle,10322,124,21,20,106,51,6155,170,83.242,0.855,0.198,0
18753,Adama Traoré,Spain,Attacker,Wolves,4676,107,7,11,61,32,1303,92,43.701,0.57,0.115,1
18778,H. Barnes,England,Midfielder,Leicester,7372,120,33,18,157,91,2233,87,61.433,1.308,0.21,0
19032,R. Sessegnon,England,Midfielder,Tottenham,2443,48,6,4,26,15,825,32,50.896,0.542,0.231,0
19163,J. Murphy,England,Midfielder,Newcastle,6272,125,16,22,95,40,2099,112,50.176,0.76,0.168,0
138787,A. Gordon,England,Attacker,Everton,9213,136,25,17,161,100,2850,161,67.743,1.184,0.155,1
153430,A. Elanga,Sweden,Attacker,Manchester United,6580,111,13,32,148,81,2455,131,59.279,1.333,0.088,1
665,M. Cornet,Côte d'Ivoire,Attacker,Burnley,2188,49,10,1,48,25,551,20,44.653,0.98,0.208,1
1243,T. Souček,Czechia,Midfielder,West Ham,11329,143,23,7,140,58,4212,71,79.224,0.979,0.164,0
2938,J. Ward-Prowse,England,Midfielder,Southampton,10010,121,26,18,105,64,5542,221,82.727,0.868,0.248,0
2939,C. Wilson,England,Attacker,Newcastle,4613,87,35,6,128,72,594,44,53.023,1.471,0.273,1
19428,J. Bowen,England,Attacker,West Ham,12231,142,47,29,221,132,2751,174,86.134,1.556,0.213,1
37724,C. Summerville,Netherlands,Attacker,Leeds,2321,53,5,3,27,14,690,35,43.792,0.509,0.185,1
292,J. Henderson,England,Midfielder,Liverpool,4677,70,2,7,39,12,3702,72,66.814,0.557,0.051,0
15799,F. Onyeka,Nigeria,Midfielder,Brentford,3069,69,1,4,32,18,948,23,44.478,0.464,0.031,0
18927,A. Barnes,England,Attacker,Burnley,800,23,1,0,14,6,190,8,34.783,0.609,0.071,1
20649,Y. Wissa,Congo DR,Midfielder,Brentford,8310,137,45,11,176,97,1604,81,60.657,1.285,0.256,0
25073,V. Janelt,Germany,Midfielder,Brentford,9855,136,9,7,55,28,4247,92,72.463,0.404,0.164,0
47438,M. Jensen,Denmark,Midfielder,Brentford,7503,124,8,12,48,20,3298,143,60.508,0.387,0.167,0
138822,A. Broja,Albania,Attacker,Southampton,3131,75,8,0,68,30,777,25,41.747,0.907,0.118,1
162075,P. Maghoma,England,Midfielder,Brentford,111,8,0,0,0,0,81,1,13.875,0.0,0.0,0
180308,M. Peart-Harris,England,Midfielder,Brentford,10,3,0,0,0,0,7,1,3.333,0.0,0.0,0
180560,H. Mejbri,Tunisia,Midfielder,Manchester United,197,7,1,0,2,2,57,2,28.143,0.286,0.5,0
278079,A. Ramsey,England,Midfielder,Aston Villa,525,14,0,0,5,2,146,1,37.5,0.357,0.0,0
44,Rodri,Spain,Midfielder,Manchester City,8816,106,17,17,111,50,9538,113,83.17,1.047,0.153,0
631,P. Foden,England,Midfielder,Manchester City,8623,123,46,20,174,108,4484,203,70.106,1.415,0.264,0
633,İ. Gündoğan,Germany,Midfielder,Manchester City,6442,91,17,14,99,46,4431,121,70.791,1.088,0.172,0
636,Bernardo Silva,Portugal,Midfielder,Manchester City,10313,135,22,22,95,56,6793,209,76.393,0.704,0.232,0
2291,M. Kovačić,Croatia,Midfielder,Chelsea,7010,113,10,9,66,25,5898,105,62.035,0.584,0.152,0
18766,D. Calvert-Lewin,England,Attacker,Everton,6261,92,17,6,159,74,1207,46,68.054,1.728,0.107,1
18901,S. Longstaff,England,Midfielder,Newcastle,7508,117,8,7,59,25,3267,54,64.171,0.504,0.136,0
19128,J. Harrison,England,Attacker,Leeds,9679,134,17,11,94,47,2849,159,72.231,0.701,0.181,1
19130,K. Phillips,England,Midfielder,Leeds,3521,63,0,1,28,7,2452,23,55.889,0.444,0.0,0
19329,D. James,Wales,Midfielder,Leeds,3312,58,6,10,92,40,1194,64,57.103,1.586,0.065,0
153400,S. Greenwood,England,Midfielder,Leeds,643,25,1,4,9,2,214,17,25.72,0.36,0.111,0
158697,J. McAtee,England,Midfielder,Manchester City,2183,48,6,0,13,4,130,3,45.479,0.271,0.462,0
80,E. Dennis,Nigeria,Attacker,Watford,3305,52,12,8,57,33,743,40,63.558,1.096,0.211,1
296,J. Milner,England,Midfielder,Liverpool,2687,74,0,4,18,5,1875,55,36.311,0.243,0.0,0
1469,D. Welbeck,England,Attacker,Brighton,7158,115,27,10,161,85,1703,93,62.243,1.4,0.168,1
2298,C. Hudson-Odoi,England,Attacker,Chelsea,5025,75,14,6,98,64,2403,142,67.0,1.307,0.143,1
18931,C. Wood,New Zealand,Attacker,Newcastle,8305,126,42,4,163,93,1733,68,65.913,1.294,0.258,1
18973,S. March,England,Midfielder,Brighton,5185,79,10,10,78,50,2027,112,65.633,0.987,0.128,0
137220,A. Moran,Republic of Ireland,Midfielder,Brighton,11,1,0,0,0,0,2,0,11.0,0.0,0.0,0
202086,J. Sarmiento,Ecuador,Midfielder,Brighton,222,15,0,1,4,2,88,2,14.8,0.267,0.0,0
18,J. Sancho,England,Attacker,Manchester United,5438,89,12,14,55,36,3260,163,61.101,0.618,0.218,1
1135,O. Édouard,France,Attacker,Crystal Palace,5066,99,18,5,97,54,1212,58,51.172,0.98,0.186,1
1468,E. Nketiah,England,Attacker,Arsenal,3990,107,17,4,81,39,683,31,37.29,0.757,0.21,1
1485,Bruno Fernandes,Portugal,Midfielder,Manchester United,12583,144,36,32,258,134,7690,419,87.382,1.792,0.14,0
2218,I. Sarr,Senegal,Attacker,Watford,4584,60,13,8,84,46,1091,67,76.4,1.4,0.155,1
18746,M. Gibbs-White,England,Midfielder,Wolves,9152,110,17,34,179,81,4297,263,83.2,1.627,0.095,0
19220,M. Mount,England,Midfielder,Chelsea,5155,87,16,12,92,48,2260,102,59.253,1.057,0.174,0
20589,B. Mbeumo,Cameroon,Midfielder,Brentford,11224,136,42,28,225,116,3279,189,82.529,1.654,0.187,0
47522,Douglas Luiz,Brazil,Midfielder,Aston Villa,8656,106,17,14,65,37,5121,136,81.66,0.613,0.262,0
138908,E. Anderson,Scotland,Midfielder,Newcastle,4159,80,2,9,41,16,1888,61,51.988,0.512,0.049,0
157997,A. Diallo,Côte d'Ivoire,Attacker,Manchester United,2288,35,9,7,34,21,1021,59,65.371,0.971,0.265,1
284324,A. Garnacho,Argentina,Attacker,Manchester United,5347,93,16,8,132,68,1772,86,57.495,1.419,0.121,1
284449,J. Rak-Sakyi,England,Midfielder,Crystal Palace,211,8,0,0,1,1,71,2,26.375,0.125,0.0,0
895,J. Garner,England,Midfielder,Manchester United,5396,74,1,5,53,21,2406,71,72.919,0.716,0.019,0
1464,G. Xhaka,Switzerland,Midfielder,Arsenal,5335,64,8,9,42,19,3113,79,83.359,0.656,0.19,0
18806,W. Hughes,England,Midfielder,Crystal Palace,5903,106,1,7,23,8,3094,78,55.689,0.217,0.043,0
18929,D. McNeil,England,Attacker,Burnley,9883,130,14,16,113,55,3198,206,76.023,0.869,0.124,1
19187,J. Grealish,England,Midfielder,Manchester City,5696,94,12,12,72,42,2881,155,60.596,0.766,0.167,0
19586,E. Eze,England,Midfielder,Crystal Palace,7911,112,30,17,171,90,3058,181,70.634,1.527,0.175,0
148099,K. Dewsbury-Hall,England,Midfielder,Leicester,4675,72,3,5,31,9,2392,78,64.931,0.431,0.097,0
167657,T. Onyango,England,Midfielder,Everton,25,4,0,0,0,0,2,0,6.25,0.0,0.0,0
284500,T. Iroegbunam,England,Midfielder,Aston Villa,811,30,0,1,4,0,237,3,27.033,0.133,0.0,0
863,R. Bentancur,Uruguay,Midfielder,Tottenham,5533,84,8,7,48,22,3718,44,65.869,0.571,0.167,0
2061,Bryan Gil,Spain,Attacker,Tottenham,435,24,0,1,6,3,257,8,18.125,0.25,0.0,1
2413,Richarlison,Brazil,Attacker,Everton,5525,100,26,13,130,69,1256,65,55.25,1.3,0.2,1
18784,J. Maddison,England,Midfielder,Leicester,8922,124,35,33,174,103,4461,228,71.952,1.403,0.201,0
18968,Y. Bissouma,Mali,Midfielder,Brighton,6610,105,3,2,45,14,4594,34,62.952,0.429,0.067,0
30435,D. Kulusevski,Sweden,Midfielder,Tottenham,8503,116,22,22,96,62,3053,204,73.302,0.828,0.229,0
127769,Gabriel Martinelli,Brazil,Attacker,Arsenal,8996,133,35,19,174,95,2900,179,67.639,1.308,0.201,1
162552,D. Scarlett,England,Attacker,Tottenham,21,5,0,1,1,1,9,1,4.2,0.2,0.0,1
328089,A. Gray,England,Midfielder,Leeds,1746,28,0,0,1,1,1079,3,62.357,0.036,0.0,0
643,Gabriel Jesus,Brazil,Attacker,Manchester City,6037,98,26,19,156,84,2092,107,61.602,1.592,0.167,1
727,R. Nelson,England,Attacker,Arsenal,963,39,4,2,10,8,247,15,24.692,0.256,0.4,1
978,K. Havertz,Germany,Attacker,Chelsea,8906,124,37,14,198,105,2956,122,71.823,1.597,0.187,1
1427,A. Sambi Lokonga,Belgium,Midfielder,Arsenal,3172,51,1,6,24,12,2578,38,62.196,0.471,0.042,0
1460,B. Saka,England,Attacker,Arsenal,10862,136,47,36,223,123,4205,298,79.868,1.64,0.211,1
1864,Pedro Neto,Portugal,Attacker,Wolves,5221,86,7,22,113,53,2560,166,60.709,1.314,0.062,1
1946,L. Trossard,Belgium,Attacker,Brighton,9265,142,36,31,161,81,3356,159,65.246,1.134,0.224,1
2937,D. Rice,England,Midfielder,West Ham,12515,146,16,29,148,72,10163,216,85.719,1.014,0.108,0
10329,João Pedro,Brazil,Attacker,Watford,5632,86,22,10,112,62,1948,88,65.488,1.302,0.196,1
30407,C. Nørgaard,Denmark,Midfielder,Brentford,10174,122,11,12,85,42,5290,83,83.393,0.697,0.129,0
37127,M. Ødegaard,Norway,Midfielder,Arsenal,11377,138,33,29,170,94,6538,321,82.442,1.232,0.194,0
152982,C. Palmer,England,Midfielder,Manchester City,6306,89,37,31,245,148,4151,242,70.854,2.753,0.151,0
161948,L. Delap,England,Attacker,Manchester City,2622,38,12,2,53,32,347,20,69.0,1.395,0.226,1
282125,R. Lavia,Belgium,Midfielder,Manchester City,3064,46,1,1,6,3,1440,24,66.609,0.13,0.167,0
147,Philippe Coutinho,Brazil,Midfielder,Aston Villa,2144,41,6,3,53,25,1011,33,52.293,1.293,0.113,0
293,C. Jones,England,Midfielder,Liverpool,4772,89,8,6,51,31,3054,58,53.618,0.573,0.157,0
306,Mohamed Salah,Egypt,Attacker,Liverpool,11975,143,89,53,392,224,4287,289,83.741,2.741,0.227,1
6716,A. Mac Allister,Argentina,Midfielder,Brighton,10220,136,25,14,148,68,6145,171,75.147,1.088,0.169,0
19035,H. Elliott,England,Midfielder,Liverpool,3651,90,5,10,72,34,2371,83,40.567,0.8,0.069,0
3008,M. Klich,Poland,Midfielder,Leeds,2351,47,1,2,29,19,1113,36,50.021,0.617,0.034,0
19100,K. Dowell,England,Midfielder,Norwich,912,19,1,1,7,2,293,16,48.0,0.368,0.143,0
130417,A. Idah,Republic of Ireland,Attacker,Norwich,617,17,1,1,10,4,132,5,36.294,0.588,0.1,1
84,Wesley Moraes,Brazil,Attacker,Aston Villa,0,1,0,0,0,0,2,0,0.0,0.0,0.0,1
2114,M. Djenepo,Mali,Attacker,Southampton,1159,28,0,2,11,3,347,15,41.393,0.393,0.0,1
2774,O. Etebo,Nigeria,Midfielder,Watford,397,9,0,0,2,0,165,2,44.111,0.222,0.0,0
2925,D. Praet,Belgium,Midfielder,Leicester,639,22,1,0,3,2,248,3,29.045,0.136,0.333,0
15832,J. Sørensen,Denmark,Midfielder,Norwich,601,10,0,0,2,1,302,0,60.1,0.2,0.0,0
18752,Hélder Costa,Angola,Attacker,Leeds,20,1,0,0,1,0,5,0,20.0,1.0,0.0,1
25927,J. Mateta,France,Attacker,Crystal Palace,5995,108,33,8,143,87,1211,73,55.509,1.324,0.231,1
37440,H. Dervişoğlu,Türkiye,Attacker,Brentford,7,1,0,0,0,0,0,0,7.0,0.0,0.0,1
116117,M. Caicedo,Ecuador,Midfielder,Brighton,9370,110,3,10,46,23,8830,123,85.182,0.418,0.065,0
161800,C. Tzolis,Greece,Attacker,Norwich,327,14,0,0,3,2,96,8,23.357,0.214,0.0,1
297,A. Oxlade-Chamberlain,England,Midfielder,Liverpool,1121,26,3,1,20,6,478,15,43.115,0.769,0.15,0
302,Roberto Firmino,Brazil,Attacker,Liverpool,2197,45,16,8,51,36,1032,37,48.822,1.133,0.314,1
635,R. Mahrez,Algeria,Attacker,Manchester City,3414,58,16,15,72,36,1858,92,58.862,1.241,0.222,1
905,Fred,Brazil,Midfielder,Manchester United,3267,63,6,6,27,14,2106,58,51.857,0.429,0.222,0
1467,A. Lacazette,France,Attacker,Arsenal,1787,30,4,7,35,15,444,29,59.567,1.167,0.114,1
1605,Daniel Podence,Portugal,Attacker,Wolves,3301,60,8,3,56,33,1184,72,55.017,0.933,0.143,1
18768,C. Tosun,Türkiye,Attacker,Everton,6,1,0,0,0,0,1,0,6.0,0.0,0.0,1
18786,W. Ndidi,Nigeria,Midfielder,Leicester,5638,74,0,5,34,14,2827,22,76.189,0.459,0.0,0
18805,A. Doucouré,Mali,Midfielder,Everton,9284,120,17,9,92,52,3360,101,77.367,0.767,0.185,0
19361,S. Benrahma,Algeria,Attacker,West Ham,4870,80,14,10,109,55,1700,91,60.875,1.362,0.128,1
19974,I. Toney,England,Attacker,Brentford,7312,83,36,11,182,94,1857,82,88.096,2.193,0.198,1
25324,M. Rashica,Kosovo,Midfielder,Norwich,2238,31,1,2,32,17,459,37,72.194,1.032,0.031,0
49942,O. Tufan,Türkiye,Midfielder,Watford,335,7,0,0,3,0,115,4,47.857,0.429,0.0,0
244,S. Bergwijn,Netherlands,Attacker,Tottenham,547,25,3,1,15,10,165,8,21.88,0.6,0.2,1
299,Fabinho,Brazil,Midfielder,Liverpool,4993,65,5,3,29,14,3357,34,76.815,0.446,0.172,0
304,S. Mané,Senegal,Attacker,Liverpool,2825,34,16,2,66,39,1036,43,83.088,1.941,0.242,1
874,Cristiano Ronaldo,Portugal,Attacker,Manchester United,2979,40,19,3,99,49,1037,32,74.475,2.475,0.192,1
2290,N. Kanté,France,Midfielder,Chelsea,2297,33,2,5,17,10,1617,37,69.606,0.515,0.118,0
2507,M. Almirón,Paraguay,Midfielder,Newcastle,6324,106,15,3,98,42,2249,70,59.66,0.925,0.153,0
2676,Rúben Neves,Portugal,Midfielder,Wolves,5683,68,10,3,79,32,3963,58,83.574,1.162,0.127,0
2677,João Moutinho,Portugal,Midfielder,Wolves,4759,66,2,3,25,10,2910,75,72.106,0.379,0.08,0
2928,C. Benteke,Belgium,Attacker,Crystal Palace,1136,25,4,1,32,13,298,13,45.44,1.28,0.125,1
3247,W. Zaha,Côte d'Ivoire,Attacker,Crystal Palace,5055,60,21,3,91,54,1513,75,84.25,1.517,0.231,1
17715,S. Alzate,Colombia,Midfielder,Brighton,405,9,0,0,1,1,232,2,45.0,0.111,0.0,0
18926,A. Westwood,England,Midfielder,Burnley,2289,27,0,3,6,2,1112,34,84.778,0.222,0.0,0
41112,Trincão,Portugal,Attacker,Wolves,1338,28,2,1,25,14,427,14,47.786,0.893,0.08,1
195962,Chiquinho,Portugal,Attacker,Wolves,207,9,0,3,4,2,77,6,23.0,0.444,0.0,1
186,Son Heung-Min,Korea Republic,Attacker,Tottenham,10984,136,57,32,227,155,3658,255,80.765,1.669,0.251,1
18878,J. Stanislas,England,Midfielder,Bournemouth,57,4,0,0,1,0,27,2,14.25,0.25,0.0,0
313245,M. Lewis-Skelly,England,Midfielder,Arsenal,1370,23,1,0,1,1,667,8,59.565,0.043,1.0,0
54,Diego Costa,Spain,Attacker,Wolves,1248,23,1,0,22,15,215,11,54.261,0.957,0.045,1
19027,N. Kebano,Congo DR,Midfielder,Fulham,764,17,0,3,8,2,188,13,44.941,0.471,0.0,0
19393,J. Onomah,England,Midfielder,Fulham,13,2,0,0,0,0,6,0,6.5,0.0,0.0,0
153407,N. Butler-Oyedeji,England,Attacker,Arsenal,6,1,0,0,1,1,0,0,6.0,1.0,0.0,1
216809,C. Peupion,Australia,Attacker,Brighton,5,1,0,0,0,0,4,0,5.0,0.0,0.0,1
2056,Pablo Sarabia,Spain,Midfielder,Wolves,3322,66,8,9,59,31,1521,77,50.333,0.894,0.136,0
291476,D. Fofana,Côte d'Ivoire,Attacker,Chelsea,949,18,4,1,20,12,176,11,52.722,1.111,0.2,1
282124,D. Gyabi,England,Midfielder,Leeds,7,1,0,0,0,0,4,0,7.0,0.0,0.0,0
284266,L. Warrington,England,Midfielder,Everton,0,1,0,0,0,0,2,0,0.0,0.0,0.0,0
284474,M. Olakigbe,England,Attacker,Brentford,51,8,0,0,2,1,32,0,6.375,0.25,0.0,1
303460,D. Ballard,England,Attacker,Southampton,24,2,0,0,0,0,6,0,12.0,0.0,0.0,1
303462,K. Doyle,England,Midfielder,Southampton,6,1,0,0,0,0,5,0,6.0,0.0,0.0,0
275170,Danilo,Brazil,Midfielder,Nottingham Forest,3054,50,5,4,28,11,1070,29,61.08,0.56,0.179,0
303019,N. Fraser,Republic of Ireland,Attacker,Wolves,180,7,0,0,3,2,42,2,25.714,0.429,0.0,1
334725,D. Sadi,England,Attacker,Bournemouth,0,1,0,0,0,0,1,0,0.0,0.0,0.0,1
19299,J. Colback,England,Midfielder,Nottingham Forest,492,11,0,0,0,0,141,2,44.727,0.0,0.0,0
129707,T. Francois,Australia,Midfielder,Fulham,0,1,0,0,0,0,2,0,0.0,0.0,0.0,0
328808,M. Ebiowei,England,Attacker,Crystal Palace,31,3,0,0,0,0,7,0,10.333,0.0,0.0,1
382925,R. Trevitt,England,Midfielder,Brentford,3,1,0,0,0,0,6,0,3.0,0.0,0.0,0
583,João Félix,Portugal,Attacker,Chelsea,1307,28,5,1,44,22,524,13,46.679,1.571,0.114,1
1330,M. Oršić,Croatia,Attacker,Southampton,6,1,0,0,0,0,2,0,6.0,0.0,0.0,1
1370,A. Ayew,Ghana,Attacker,Nottingham Forest,305,13,0,0,3,2,72,1,23.462,0.231,0.0,1
51617,D. Núñez,Uruguay,Attacker,Liverpool,4865,95,25,13,185,96,1060,73,51.211,1.947,0.135,1
204033,J. Hodge,Republic of Ireland,Midfielder,Wolves,172,6,0,0,1,0,95,1,28.667,0.167,0.0,0
37161,L. Sinisterra,Colombia,Attacker,Leeds,1795,51,8,3,50,26,695,39,35.196,0.98,0.16,1
195993,C. Alcaraz,Argentina,Midfielder,Southampton,1805,34,6,8,58,32,803,33,53.088,1.706,0.103,0
215874,T. Cannon,Republic of Ireland,Attacker,Everton,23,3,0,0,1,1,5,1,7.667,0.333,0.0,1
311520,Marquinhos,Brazil,Attacker,Arsenal,0,1,0,0,0,0,3,0,0.0,0.0,0.0,1
906,T. Chong,Netherlands,Midfielder,Manchester United,1985,33,4,0,15,7,500,11,60.152,0.455,0.267,0
19866,J. Lowe,Jamaica,Attacker,Bournemouth,10,2,0,0,0,0,4,0,5.0,0.0,0.0,1
19964,S. Dembélé,Scotland,Midfielder,Bournemouth,104,6,0,0,2,2,42,4,17.333,0.333,0.0,0
284475,L. Harris,Wales,Midfielder,Fulham,84,4,0,0,1,1,27,0,21.0,0.25,0.0,0
304320,D. Ozoh,England,Midfielder,Crystal Palace,147,10,0,0,0,0,54,0,14.7,0.0,0.0,0
334729,B. Clark,England,Midfielder,Liverpool,93,6,0,0,1,0,50,0,15.5,0.167,0.0,0
393195,W. Lankshear,England,Attacker,Tottenham,8,3,0,0,0,0,1,0,2.667,0.0,0.0,1
19804,K. Moore,Wales,Attacker,Bournemouth,1370,35,5,0,27,11,393,7,39.143,0.771,0.185,1
20503,L. O&apos;Brien,England,Midfielder,Nottingham Forest,580,13,1,0,5,2,207,4,44.615,0.385,0.2,0
284356,S. Charles,Northern Ireland,Midfielder,Manchester City,27,1,0,0,0,0,24,0,27.0,0.0,0.0,0
19356,E. Marcondes,Denmark,Midfielder,Bournemouth,8,1,0,0,0,0,1,0,8.0,0.0,0.0,0
19733,F. Downes,England,Midfielder,West Ham,2910,48,1,0,14,7,2537,32,60.625,0.292,0.071,0
19825,J. Aribo,Nigeria,Midfielder,Southampton,3240,53,5,0,20,15,1406,25,61.132,0.377,0.25,0
191971,J. Stansfield,England,Attacker,Fulham,86,4,0,0,0,0,20,1,21.5,0.0,0.0,1
19004,B. De Cordova-Reid,Jamaica,Attacker,Fulham,4650,92,11,5,53,21,1408,42,50.543,0.576,0.208,1
305733,W. Alves,England,Midfielder,Leicester,0,1,0,0,0,0,1,0,0.0,0.0,0.0,0
691,Tetê,Brazil,Attacker,Leicester,739,13,1,0,11,2,236,6,56.846,0.846,0.091,1
19454,B. Pearson,England,Midfielder,Bournemouth,285,7,0,0,1,1,134,0,40.714,0.143,0.0,0
70078,F. Pellistri,Uruguay,Midfielder,Manchester United,225,13,0,1,3,2,89,1,17.308,0.231,0.0,0
284409,D. Mubama,England,Attacker,West Ham,137,9,0,0,0,0,33,1,15.222,0.0,0.0,1
293163,J. Donley,England,Midfielder,Tottenham,0,3,0,0,0,0,1,0,0.0,0.0,0.0,0
207,I. Perišić,Croatia,Attacker,Tottenham,2208,39,1,9,25,8,843,53,56.615,0.641,0.04,1
157912,B. Traoré,Mali,Midfielder,Wolves,1211,35,0,1,10,1,588,7,34.6,0.286,0.0,0
2810,D. Zakaria,Switzerland,Midfielder,Chelsea,413,7,0,0,1,0,178,1,59.0,0.143,0.0,0
24882,O. Mangala,Belgium,Midfielder,Nottingham Forest,4390,66,3,1,30,10,1631,17,66.515,0.455,0.1,0
31057,H. Traorè,Côte d'Ivoire,Midfielder,Bournemouth,473,10,0,0,4,2,159,16,47.3,0.4,0.0,0
190686,S. Mara,France,Attacker,Southampton,540,22,1,2,15,5,103,6,24.545,0.682,0.067,1
334035,S. Amo-Ameyaw,England,Attacker,Southampton,29,3,0,0,0,0,13,2,9.667,0.0,0.0,1
2807,R. Freuler,Switzerland,Midfielder,Nottingham Forest,2165,28,0,0,5,1,828,12,77.321,0.179,0.0,0
30544,G. Scamacca,Italy,Attacker,West Ham,929,16,3,0,22,10,175,13,58.062,1.375,0.136,1
199837,K. Sulemana,Ghana,Midfielder,Southampton,2372,44,3,2,36,15,574,24,53.909,0.818,0.083,0
288699,M. Perrone,Argentina,Midfielder,Manchester City,18,1,0,0,0,0,20,0,18.0,0.0,0.0,0
415,W. McKennie,USA,Midfielder,Leeds,1440,19,0,1,10,2,588,13,75.789,0.526,0.0,0
1159,M. Sabitzer,Austria,Midfielder,Manchester United,628,11,0,1,7,3,296,10,57.091,0.636,0.0,0
26475,D. Undav,Germany,Attacker,Brighton,618,22,5,0,19,12,162,8,28.091,0.864,0.263,1
23,Sergio Gómez,Spain,Midfielder,Manchester City,388,18,0,2,7,0,336,6,21.556,0.389,0.0,0
925,Gonçalo Guedes,Portugal,Attacker,Wolves,1694,42,3,5,32,14,482,23,40.333,0.762,0.094,1
6009,J. Álvarez,Argentina,Attacker,Manchester City,4109,67,20,8,109,62,1579,84,61.328,1.627,0.183,1
313059,M. Joseph,England,Attacker,Leeds,23,3,0,0,1,1,3,0,7.667,0.333,0.0,1
83,A. Danjuma,Netherlands,Attacker,Tottenham,751,23,2,0,21,12,194,7,32.652,0.913,0.095,1
7722,S. Kalajdzic,Austria,Attacker,Wolves,203,12,2,0,5,2,63,4,16.917,0.417,0.4,1
47341,Marc Roca,Spain,Midfielder,Leeds,2329,32,1,2,21,13,1211,33,72.781,0.656,0.048,0
195103,João Gomes,Brazil,Midfielder,Wolves,6300,81,6,2,41,17,3120,48,77.778,0.506,0.146,0
1904,B. Kamara,France,Midfielder,Aston Villa,5167,70,1,2,15,5,2894,38,73.814,0.214,0.067,0
162714,A. Onana,Belgium,Midfielder,Everton,6212,89,6,2,75,24,3587,59,69.798,0.843,0.08,0
2823,S. Lukić,Serbia,Midfielder,Fulham,3881,66,1,2,22,7,1899,38,58.803,0.333,0.045,0
19025,T. Cairney,Scotland,Midfielder,Fulham,3056,92,5,4,29,15,2553,49,33.217,0.315,0.172,0
19221,H. Wilson,Wales,Midfielder,Fulham,3867,89,12,10,73,34,1356,56,43.449,0.82,0.164,0
19480,H. Reed,England,Midfielder,Fulham,4304,76,3,6,23,12,1987,51,56.632,0.303,0.13,0
195106,Rodrigo Muniz,Brazil,Attacker,Fulham,2546,57,17,2,92,46,359,25,44.667,1.614,0.185,1
359386,M. Godo,England,Attacker,Fulham,21,2,0,0,0,0,14,1,10.5,0.0,0.0,1
2864,A. Isak,Sweden,Attacker,Newcastle,6568,86,54,9,173,114,1484,85,76.372,2.012,0.312,1
328105,L. Miley,England,Midfielder,Newcastle,1524,32,2,3,9,5,720,13,47.625,0.281,0.222,0
1646,Lucas Paquetá,Brazil,Midfielder,West Ham,7192,92,12,9,102,33,3943,112,78.174,1.109,0.118,0
15908,M. Damsgaard,Denmark,Midfielder,Brentford,4742,87,2,12,35,17,2133,86,54.506,0.402,0.057,0
106725,K. Lewis-Potter,England,Attacker,Brentford,4859,78,4,5,60,38,1481,44,62.295,0.769,0.067,1
284797,D. Ouattara,Burkina Faso,Attacker,Bournemouth,4471,81,9,9,86,32,1238,70,55.198,1.062,0.105,1
288118,L. Orford,England,Midfielder,West Ham,47,2,0,0,1,0,37,2,23.5,0.5,0.0,0
153066,Fábio Carvalho,Portugal,Midfielder,Liverpool,786,32,4,2,26,16,471,9,24.562,0.812,0.154,0
178077,K. Schade,Germany,Midfielder,Brentford,3357,67,13,4,60,35,692,36,50.104,0.896,0.217,0
196855,J. Anthony,England,Attacker,Bournemouth,1398,33,3,1,20,14,504,12,42.364,0.606,0.15,1
263538,Y. Yarmolyuk,Ukraine,Midfielder,Brentford,2115,58,0,0,13,7,1021,12,36.466,0.224,0.0,0
1100,E. Haaland,Norway,Attacker,Manchester City,8080,97,85,16,297,179,1232,89,83.299,3.062,0.286,1
41621,Matheus Nunes,Portugal,Midfielder,Wolves,4984,79,2,11,39,21,2892,69,63.089,0.494,0.051,0
278133,Oscar Bobb,Norway,Midfielder,Manchester City,304,17,1,1,3,2,183,11,17.882,0.176,0.333,0
307123,N. O&apos;Reilly,England,Midfielder,Manchester City,527,9,2,0,6,3,306,4,58.556,0.667,0.333,0
50739,B. Aaronson,USA,Midfielder,Leeds,2384,36,1,3,29,9,716,47,66.222,0.806,0.034,0
70747,J. Enciso,Paraguay,Midfielder,Brighton,2439,57,6,4,86,48,669,32,42.789,1.509,0.07,0
90590,G. Rutter,France,Attacker,Leeds,1928,39,5,4,32,12,404,23,49.436,0.821,0.156,1
162128,W. Gnonto,Italy,Attacker,Leeds,1350,24,2,4,14,8,453,23,56.25,0.583,0.143,1
8598,T. Awoniyi,Nigeria,Attacker,Nottingham Forest,2853,73,17,4,60,30,484,22,39.082,0.822,0.283,1
19305,R. Yates,England,Midfielder,Nottingham Forest,5729,96,3,4,62,21,2141,32,59.677,0.646,0.048,0
106835,K. Mitoma,Japan,Midfielder,Brighton,6411,88,20,13,113,63,2401,103,72.852,1.284,0.177,0
265820,Y. Ayari,Sweden,Midfielder,Brighton,2035,37,2,1,23,8,922,32,55.0,0.622,0.087,0
305730,J. Hinshelwood,England,Midfielder,Brighton,2719,39,8,2,27,18,1380,25,69.718,0.692,0.296,0
311334,F. Buonanotte,Argentina,Midfielder,Brighton,3445,71,9,6,75,36,1685,74,48.521,1.056,0.12,0
747,Casemiro,Brazil,Midfielder,Manchester United,5611,77,6,5,81,30,3778,67,72.87,1.052,0.074,0
1165,Matheus Cunha,Brazil,Attacker,Wolves,6028,82,29,19,235,133,2906,151,73.512,2.866,0.123,1
9971,Antony,Brazil,Attacker,Manchester United,3272,62,5,3,82,43,1394,54,52.774,1.323,0.061,1
284322,K. Mainoo,England,Midfielder,Manchester United,3608,50,3,1,15,7,1688,29,72.16,0.3,0.2,0
2490,J. Lerma,Colombia,Midfielder,Bournemouth,7935,98,6,2,80,29,3865,52,80.969,0.816,0.075,0
3339,C. Doucouré,Mali,Midfielder,Crystal Palace,4155,58,0,3,30,9,1863,37,71.638,0.517,0.0,0
18870,D. Brooks,Wales,Midfielder,Bournemouth,1391,48,3,1,36,18,517,31,28.979,0.75,0.083,0
19245,M. Tavernier,England,Midfielder,Bournemouth,5819,82,11,13,104,48,2148,107,70.963,1.268,0.106,0
19281,A. Semenyo,Ghana,Attacker,Bournemouth,5571,81,20,7,133,73,1640,77,68.778,1.642,0.15,1
152418,N. Ahamada,France,Midfielder,Crystal Palace,419,28,0,0,8,2,223,2,14.964,0.286,0.0,0
343576,B. Doak,Scotland,Attacker,Liverpool,37,3,0,0,0,0,18,0,12.333,0.0,0.0,1
1125,R. Christie,Scotland,Midfielder,Bournemouth,6894,98,3,9,67,34,2832,126,70.347,0.684,0.045,0
1150,T. Adams,USA,Midfielder,Leeds,4239,55,0,3,4,2,2450,43,77.073,0.073,0.0,0
2734,P. Billing,Denmark,Midfielder,Bournemouth,4355,75,9,3,54,27,1599,57,58.067,0.72,0.167,0
2990,I. Gueye,Senegal,Midfielder,Everton,7559,95,4,4,48,18,3489,46,79.568,0.505,0.083,0
18872,L. Cook,England,Midfielder,Bournemouth,7479,97,1,8,23,8,3424,119,77.103,0.237,0.043,0
697,M. Solomon,Israel,Attacker,Fulham,758,24,4,2,13,8,284,18,31.583,0.542,0.308,1
18883,D. Solanke,England,Attacker,Bournemouth,8409,98,34,16,219,119,1753,88,85.806,2.235,0.155,1
41104,João Palhinha,Portugal,Midfielder,Fulham,5824,68,7,1,60,23,2587,20,85.647,0.882,0.117,0
129711,B. Johnson,Wales,Attacker,Nottingham Forest,7450,106,24,6,91,47,1127,50,70.283,0.858,0.264,1
237129,P. Sarr,Senegal,Midfielder,Tottenham,4211,81,6,6,54,27,2461,38,51.988,0.667,0.111,0
41725,Fábio Vieira,Portugal,Midfielder,Arsenal,790,33,2,4,15,4,401,17,23.939,0.455,0.133,0
136723,N. Madueke,England,Attacker,Chelsea,3749,67,13,5,89,51,1313,68,55.955,1.328,0.146,1
313236,E. Nwaneri,England,Midfielder,Arsenal,905,28,4,2,12,9,382,17,32.321,0.429,0.333,0
247,C. Gakpo,Netherlands,Attacker,Liverpool,5048,91,25,11,123,60,1453,86,55.473,1.352,0.203,1
5996,E. Fernández,Argentina,Midfielder,Chelsea,6714,82,9,11,87,39,4994,132,81.878,1.061,0.103,0
63577,M. Mudryk,Ukraine,Midfielder,Chelsea,2379,53,5,4,41,18,696,44,44.887,0.774,0.122,0
310187,Stefan Bajčetić,Spain,Midfielder,Liverpool,553,12,1,0,4,3,263,4,46.083,0.333,0.25,0
104,Carlos Vinícius,Brazil,Attacker,Fulham,1416,44,7,2,27,18,245,13,32.182,0.614,0.259,1
9926,Gustavo Scarpa,Brazil,Midfielder,Nottingham Forest,179,6,0,0,3,1,71,1,29.833,0.5,0.0,0
19482,J. Rothwell,England,Midfielder,Bournemouth,1398,31,0,1,3,2,631,12,45.097,0.097,0.0,0
13489,J. Durán,Colombia,Attacker,Aston Villa,1207,55,12,0,48,24,299,9,21.945,0.873,0.25,1
15812,P. Onuachu,Nigeria,Attacker,Southampton,1445,36,4,1,35,20,352,12,40.139,0.972,0.114,1
18947,M. Lemina,Gabon,Midfielder,Wolves,5647,71,5,5,53,25,2675,33,79.535,0.746,0.094,0
40401,Cafú,Portugal,Midfielder,Nottingham Forest,6,1,0,0,0,0,2,0,6.0,0.0,0.0,0
2825,A. Mitrović,Serbia,Attacker,Fulham,2047,25,14,1,77,36,497,16,81.88,3.08,0.182,1
18884,S. Surridge,England,Attacker,Nottingham Forest,305,20,1,0,7,2,77,1,15.25,0.35,0.143,1
61178,C. Ronan,Republic of Ireland,Midfielder,Wolves,0,1,0,0,0,0,3,0,0.0,0.0,0.0,0
129712,A. Mighten,England,Attacker,Nottingham Forest,7,1,0,0,0,0,1,0,7.0,0.0,0.0,1
330986,M. Golding,England,Midfielder,Chelsea,0,1,0,0,0,0,0,0,0.0,0.0,0.0,0
404574,Luis Guilherme,Brazil,Attacker,West Ham,140,12,0,0,2,1,58,3,11.667,0.167,0.0,1
284278,M. Ndiweni,England,Attacker,Newcastle,0,1,0,0,0,0,2,0,0.0,0.0,0.0,1
19808,C. Woodrow,England,Attacker,Luton,408,24,1,1,11,4,139,9,17.0,0.458,0.091,1
289618,Alex Matos,England,Attacker,Chelsea,0,1,0,0,0,0,0,0,0.0,0.0,0.0,1
19105,O. Norwood,Northern Ireland,Midfielder,Sheffield Utd,1433,27,1,0,11,6,855,17,53.074,0.407,0.091,0
19767,P. Mpanzu,Congo DR,Midfielder,Luton,1093,27,0,0,7,1,342,6,40.481,0.259,0.0,0
19102,J. Fleck,Scotland,Midfielder,Sheffield Utd,90,4,0,0,0,0,40,2,22.5,0.0,0.0,0
277716,A. Hackford,England,Attacker,Sheffield Utd,11,2,0,0,0,0,2,0,5.5,0.0,0.0,1
284404,Jimi Weikko Tauriainen,Finland,Midfielder,Chelsea,0,1,0,0,0,0,0,0,0.0,0.0,0.0,0
328104,Ben Parkinson,England,Attacker,Newcastle,24,1,0,0,0,0,3,0,24.0,0.0,0.0,1
19802,J. Brown,Scotland,Attacker,Luton,1019,19,2,0,16,7,229,8,53.632,0.842,0.125,1
17641,E. Adebayo,England,Attacker,Luton,1418,27,10,0,24,14,197,14,52.519,0.889,0.417,1
20189,J. Clark,England,Midfielder,Luton,1305,23,1,1,9,4,483,12,56.739,0.391,0.111,0
293164,Amadou Diallo,England,Attacker,Newcastle,0,1,0,0,0,0,1,0,0.0,0.0,0.0,1
379627,Z. Nelson,England,Midfielder,Luton,5,2,0,0,0,0,4,0,2.5,0.0,0.0,0
380653,L. Chiwome,England,Attacker,Wolves,175,3,0,0,1,0,22,0,58.333,0.333,0.0,1
303010,Daniel Gore,England,Midfielder,Manchester United,0,1,0,0,0,0,0,0,0.0,0.0,0.0,0
331563,Mason Paul James Burstow,England,Attacker,Chelsea,7,2,0,0,0,0,4,0,3.5,0.0,0.0,1
340135,Mark O’Mahony,Republic of Ireland,Attacker,Brighton,62,3,0,0,1,0,16,0,20.667,0.333,0.0,1
129169,A. Zaroury,Morocco,Attacker,Burnley,149,6,0,0,2,1,59,2,24.833,0.333,0.0,1
362270,E. Wheatley,England,Attacker,Manchester United,12,3,0,0,0,0,0,0,4.0,0.0,0.0,1
284242,O. Forson,England,Attacker,Manchester United,68,4,0,1,0,0,33,2,17.0,0.0,0.0,1
329347,O. Kellyman,England,Midfielder,Aston Villa,35,2,0,0,0,0,7,0,17.5,0.0,0.0,0
36929,G. Hamer,Netherlands,Midfielder,Sheffield Utd,2923,36,4,6,34,15,981,71,81.194,0.944,0.118,0
312256,Sydie Peck,England,Midfielder,Sheffield Utd,9,1,0,0,0,0,1,0,9.0,0.0,0.0,0
373615,R. Oné,Scotland,Attacker,Sheffield Utd,7,1,0,0,0,0,1,0,7.0,0.0,0.0,1
379150,A. Brooks,England,Midfielder,Sheffield Utd,942,20,0,0,6,2,248,3,47.1,0.3,0.0,0
303,R. Brewster,England,Attacker,Sheffield Utd,340,13,0,0,6,3,73,2,26.154,0.462,0.0,1
19083,C. Morris,England,Attacker,Luton,2866,38,11,4,59,31,720,22,75.421,1.553,0.186,1
19302,B. Osborn,England,Midfielder,Sheffield Utd,1362,24,0,2,1,0,506,13,56.75,0.042,0.0,0
19337,O. McBurnie,Scotland,Attacker,Sheffield Utd,1283,21,6,3,27,17,400,12,61.095,1.286,0.222,1
19365,C. Ogbene,Republic of Ireland,Attacker,Luton,2232,35,4,1,18,14,668,29,63.771,0.514,0.222,1
19485,B. Brereton,Chile,Attacker,Sheffield Utd,1557,24,6,1,31,20,412,11,64.875,1.292,0.194,1
19759,L. Berry,England,Midfielder,Luton,310,17,2,1,6,4,89,2,18.235,0.353,0.333,0
19829,A. Doughty,England,Midfielder,Luton,2938,37,2,8,13,8,1090,71,79.405,0.351,0.154,0
199310,A. Ben Slimane,Tunisia,Midfielder,Sheffield Utd,412,15,0,0,6,3,134,3,27.467,0.4,0.0,0
296458,D. Jebbison,Canada,Attacker,Sheffield Utd,46,3,0,0,5,2,42,3,15.333,1.667,0.0,1
336599,Benicio Baker-Boaitey,England,Midfielder,Brighton,35,5,0,0,0,0,19,1,7.0,0.0,0.0,0
284400,Tobias Christopher Collyer,England,Midfielder,Manchester United,174,6,0,0,1,0,90,2,29.0,0.167,0.0,0
287109,J. McConnell,England,Midfielder,Liverpool,1,3,0,0,0,0,6,0,0.333,0.0,0.0,0
311344,A. Véliz,Argentina,Attacker,Tottenham,42,8,1,0,1,1,10,0,5.25,0.125,1.0,1
135775,Ansu Fati,Spain,Attacker,Brighton,511,19,2,0,14,11,204,6,26.895,0.737,0.143,1
161921,G. Reyna,USA,Midfielder,Nottingham Forest,230,9,0,1,4,2,129,7,25.556,0.444,0.0,0
270507,C. Casadei,Italy,Midfielder,Chelsea,67,11,0,0,0,0,65,2,6.091,0.0,0.0,0
14,M. Dahoud,Germany,Midfielder,Brighton,454,9,0,1,4,1,325,10,50.444,0.444,0.0,0
110,H. Massengo,France,Midfielder,Burnley,13,3,0,0,0,0,9,0,4.333,0.0,0.0,0
10169,Vinicius Souza,Brazil,Midfielder,Sheffield Utd,2670,36,1,0,10,6,974,4,74.167,0.278,0.1,0
359603,L. Koleosho,Italy,Attacker,Burnley,983,15,1,1,17,5,246,11,65.533,1.133,0.059,1
19170,M. Rogers,England,Attacker,Aston Villa,3770,48,11,11,42,25,1053,61,78.542,0.875,0.262,1
20665,J. Bellegarde,France,Midfielder,Wolves,2636,57,4,8,26,10,831,41,46.246,0.456,0.154,0
171035,T. Chirewa,England,Midfielder,Wolves,139,8,0,0,2,1,53,1,17.375,0.25,0.0,0
385726,E. González,Paraguay,Attacker,Wolves,0,1,0,0,0,0,6,0,0.0,0.0,0.0,1
1934,S. Berge,Norway,Midfielder,Burnley,5238,68,1,4,36,7,4284,76,77.029,0.529,0.028,0
315237,W. Osula,Denmark,Attacker,Sheffield Utd,901,35,1,0,18,9,115,3,25.743,0.514,0.056,1
389315,Joshua King,England,Midfielder,Fulham,124,8,0,0,1,0,62,3,15.5,0.125,0.0,0
31146,S. Tonali,Italy,Midfielder,Newcastle,3069,44,5,2,24,14,1728,36,69.75,0.545,0.208,0
2869,E. Álvarez,Mexico,Midfielder,West Ham,4164,59,1,2,15,4,2181,24,70.576,0.254,0.067,0
291363,George Earthy,England,Midfielder,West Ham,32,3,1,0,1,1,17,0,10.667,0.333,1.0,0
430734,Y. Konak,Türkiye,Midfielder,Brentford,33,10,0,0,1,0,35,0,3.3,0.1,0.0,0
37381,M. Trésor,Belgium,Attacker,Burnley,412,16,0,0,4,0,146,7,25.75,0.25,0.0,1
98936,L. Foster,South Africa,Attacker,Burnley,1907,24,5,3,30,17,452,19,79.458,1.25,0.167,1
123469,Z. Amdouni,Switzerland,Attacker,Burnley,1972,34,5,1,39,22,488,16,58.0,1.147,0.128,1
22,J. Bruun Larsen,Denmark,Attacker,Burnley,1251,32,6,0,29,16,457,25,39.094,0.906,0.207,1
1422,J. Doku,Belgium,Attacker,Manchester City,3108,58,6,14,49,28,1485,77,53.586,0.845,0.122,1
8589,B. Manuel,Belgium,Attacker,Burnley,109,8,0,0,4,2,47,1,13.625,0.5,0.0,1
19827,J. Cullen,Republic of Ireland,Midfielder,Burnley,2060,25,2,3,9,5,1341,26,82.4,0.36,0.222,0
270508,L. Ugochukwu,France,Midfielder,Chelsea,1957,38,1,2,12,2,1579,31,51.5,0.316,0.083,0
356041,C. Baleba,Cameroon,Midfielder,Brighton,3996,61,3,1,41,16,2072,30,65.508,0.672,0.073,0
6056,N. Domínguez,Argentina,Midfielder,Nottingham Forest,3472,60,2,3,32,15,1754,23,57.867,0.533,0.062,0
22149,I. Sangaré,Côte d'Ivoire,Midfielder,Nottingham Forest,1630,30,0,1,6,1,739,12,54.333,0.2,0.0,0
288006,R. Højlund,Denmark,Attacker,Manchester United,4183,62,14,2,58,34,716,44,67.468,0.935,0.241,1
286458,J. Devenny,Scotland,Midfielder,Crystal Palace,493,23,1,1,7,6,186,7,21.435,0.304,0.143,0
288102,A. Wharton,England,Midfielder,Crystal Palace,2631,36,0,5,17,6,1240,47,73.083,0.472,0.0,0
311157,Matheus França,Brazil,Attacker,Crystal Palace,275,14,1,1,12,5,79,6,19.643,0.857,0.083,1
792,J. Kluivert,Netherlands,Attacker,Bournemouth,4295,66,19,7,86,49,1060,66,65.076,1.303,0.221,1
47499,E. Ünal,Türkiye,Attacker,Bournemouth,650,33,4,3,34,18,166,9,19.697,1.03,0.118,1
84082,R. Faivre,France,Midfielder,Bournemouth,36,5,0,0,1,0,23,0,7.2,0.2,0.0,0
301771,S. Adingra,Côte d'Ivoire,Attacker,Brighton,3321,60,8,3,64,30,1079,49,55.35,1.067,0.125,1
304853,A. Scott,England,Midfielder,Bournemouth,1764,43,1,1,21,11,764,34,41.023,0.488,0.048,0
18592,I. Ndiaye,Senegal,Attacker,Sheffield Utd,2441,33,9,0,27,18,691,18,73.97,0.818,0.333,1
125743,Beto,Portugal,Attacker,Everton,2465,60,11,0,80,36,439,23,41.083,1.333,0.138,1
330412,Youssef Chermiti,Portugal,Attacker,Everton,233,22,0,0,6,3,68,4,10.591,0.273,0.0,1
15911,M. Kudus,Ghana,Midfielder,West Ham,5091,65,13,9,89,39,1542,59,78.323,1.369,0.146,0
336564,W. Odobert,France,Attacker,Burnley,2956,45,4,2,41,18,790,37,65.689,0.911,0.098,1
269,C. Nkunku,France,Attacker,Chelsea,1347,38,6,2,33,21,507,17,35.447,0.868,0.182,1
283058,N. Jackson,Senegal,Attacker,Chelsea,5048,65,24,10,127,76,1048,67,77.662,1.954,0.189,1
305834,Andrey Santos,Brazil,Midfielder,Nottingham Forest,7,1,0,0,0,0,0,0,7.0,0.0,0.0,0
334037,Tyrique George,England,Attacker,Chelsea,177,8,1,1,2,1,49,6,22.125,0.25,0.5,1
415001,Deivid Washington,Brazil,Attacker,Chelsea,11,2,0,0,1,0,1,0,5.5,0.5,0.0,1
542,R. Gravenberch,Netherlands,Midfielder,Liverpool,4286,63,1,4,29,13,2397,42,68.032,0.46,0.034,0
1096,D. Szoboszlai,Hungary,Midfielder,Liverpool,4603,69,9,8,79,38,2639,112,66.71,1.145,0.114,0
8500,W. Endo,Japan,Midfielder,Liverpool,1979,49,1,0,6,3,1494,18,40.388,0.122,0.167,0
304161,B. Traoré,Côte d'Ivoire,Attacker,Sheffield Utd,384,8,0,0,1,1,67,4,48.0,0.125,0.0,1
380690,M. Moore,England,Attacker,Tottenham,364,12,0,1,2,1,83,3,30.333,0.167,0.0,1
74,S. Amrabat,Morocco,Midfielder,Manchester United,930,21,0,0,2,0,645,6,44.286,0.095,0.0,0
277,M. Diaby,France,Attacker,Aston Villa,2183,38,6,8,39,23,569,47,57.447,1.026,0.154,1
786,N. Zaniolo,Italy,Midfielder,Aston Villa,831,25,2,0,17,10,208,10,33.24,0.68,0.118,0
14206,B. Aguilera,Costa Rica,Midfielder,Nottingham Forest,4,1,0,0,0,0,8,0,4.0,0.0,0.0,0
341641,Rodrigo Ribeiro,Portugal,Attacker,Nottingham Forest,13,4,0,0,0,0,8,0,3.25,0.0,0.0,1
383685,Y. Minteh,Gambia,Attacker,Newcastle,1843,32,6,4,27,16,444,29,57.594,0.844,0.222,1
359117,Shumaira Mheuka,England,Attacker,Chelsea,0,1,0,0,1,1,0,0,0.0,1.0,0.0,1
20031,M. Harness,England,Midfielder,Ipswich,43,2,0,0,0,0,16,0,21.5,0.0,0.0,0
196298,R. Sosa,Paraguay,Attacker,Nottingham Forest,281,19,1,0,8,5,84,8,14.789,0.421,0.125,1
19558,Sam Morsy,Egypt,Midfielder,Ipswich,2755,33,1,1,9,3,1421,24,83.485,0.273,0.111,0
298060,Z. Silcott-Duberry,England,Attacker,Bournemouth,0,1,0,0,0,0,2,0,0.0,0.0,0.0,1
746,Marco Asensio,Spain,Attacker,Aston Villa,745,13,3,1,19,11,272,16,57.308,1.462,0.158,1
930,Carlos Soler,Spain,Midfielder,West Ham,1403,31,1,1,17,9,629,17,45.258,0.548,0.059,0
8794,G. Hirst,England,Attacker,Ipswich,649,26,3,1,14,7,118,4,24.962,0.538,0.214,1
15797,J. Cajuste,Sweden,Midfielder,Ipswich,1978,30,1,1,8,1,730,13,65.933,0.267,0.125,0
17579,S. Szmodics,Republic of Ireland,Midfielder,Ipswich,998,20,4,0,20,12,187,5,49.9,1.0,0.2,0
20007,C. Chaplin,England,Attacker,Ipswich,853,22,1,1,10,4,306,8,38.773,0.455,0.1,1
20089,W. Burns,Wales,Attacker,Ipswich,932,18,0,1,4,1,199,10,51.778,0.222,0.0,1
299813,Ali Al Hamadi,Iraq,Attacker,Ipswich,123,11,0,0,2,0,30,2,11.182,0.182,0.0,1
18397,J. Taylor,Republic of Ireland,Midfielder,Ipswich,837,32,1,0,13,4,414,5,26.156,0.406,0.077,0
45078,R. Stewart,Scotland,Attacker,Southampton,385,12,1,0,5,2,95,0,32.083,0.417,0.2,1
336585,Mateus Fernandes,Portugal,Midfielder,Southampton,2922,36,2,4,22,14,1233,34,81.167,0.611,0.091,0
380691,Jay Robinson,England,Attacker,Southampton,135,4,0,0,1,1,33,3,33.75,0.25,0.0,1
2752,M. Luongo,Australia,Midfielder,Ipswich,195,11,0,0,0,0,64,0,17.727,0.0,0.0,0
879,S. Mavididi,England,Attacker,Leicester,1615,30,4,1,16,7,528,24,53.833,0.533,0.25,1
303467,A. Fatawu,Ghana,Attacker,Leicester,575,11,0,2,11,5,158,6,52.273,1.0,0.0,1
340573,B. El Khannouss,Morocco,Midfielder,Leicester,2194,32,2,3,19,7,956,42,68.562,0.594,0.105,0
434183,J. Evans,England,Attacker,Leicester,20,4,0,0,0,0,3,0,5.0,0.0,0.0,1
460853,J. Monga,England,Midfielder,Leicester,105,7,0,0,2,1,25,1,15.0,0.286,0.0,0
263177,A. Grønbæk,Denmark,Midfielder,Southampton,143,4,0,0,0,0,16,1,35.75,0.0,0.0,0
395762,M. Amougou,France,Midfielder,Chelsea,7,1,0,0,0,0,7,0,7.0,0.0,0.0,0
15884,J. Lindstrøm,Denmark,Midfielder,Everton,1241,25,0,1,20,10,348,19,49.64,0.8,0.0,0
414385,C. Echeverri,Argentina,Midfielder,Manchester City,5,1,0,0,0,0,3,0,5.0,0.0,0.0,0
2032,J. Strand Larsen,Norway,Attacker,Wolves,2601,35,14,4,49,34,451,21,74.314,1.4,0.286,1
265784,André,Brazil,Midfielder,Wolves,2487,33,0,0,8,1,1335,18,75.364,0.242,0.0,0
336671,Renato Veiga,Portugal,Midfielder,Chelsea,176,7,0,0,3,1,132,0,25.143,0.429,0.0,0
456206,M. Mane,England,Attacker,Wolves,1,1,0,0,0,0,5,0,1.0,0.0,0.0,1
249,D. Malen,Netherlands,Attacker,Aston Villa,296,14,3,0,13,9,67,3,21.143,0.929,0.231,1
3080,M. Munetsi,Zimbabwe,Midfielder,Wolves,1078,14,2,1,16,7,201,9,77.0,1.143,0.125,0
282770,Rodrigo Gomes,Portugal,Attacker,Wolves,797,25,2,0,5,3,246,13,31.88,0.2,0.4,1
2476,G. Rodríguez,Argentina,Midfielder,West Ham,1155,23,0,1,5,1,563,4,50.217,0.217,0.0,0
25391,N. Füllkrug,Germany,Attacker,West Ham,785,18,3,2,14,7,196,14,43.611,0.778,0.214,1
68466,A. Irving,Scotland,Midfielder,West Ham,160,10,0,0,3,2,120,1,16.0,0.3,0.0,0
196156,Thiago,Brazil,Attacker,Brentford,168,8,0,0,2,0,54,2,21.0,0.25,0.0,1
427736,Gustavo Gomes,Brazil,Attacker,Brentford,9,3,0,0,0,0,1,0,3.0,0.0,0.0,1
81573,Omar Marmoush,Egypt,Attacker,Manchester City,1183,16,7,0,34,17,286,15,73.938,2.125,0.206,1
161933,Nico González,Spain,Midfielder,Manchester City,762,11,1,0,7,2,621,1,69.273,0.636,0.143,0
266657,Sávio,Brazil,Attacker,Manchester City,1772,29,1,8,37,21,763,46,61.103,1.276,0.027,1
92993,M. Wieffer,Netherlands,Midfielder,Brighton,1006,25,1,3,8,4,647,15,40.24,0.32,0.125,0
328225,B. Gruda,Germany,Midfielder,Brighton,682,21,1,4,10,5,212,23,32.476,0.476,0.1,0
1361,F. Kadıoğlu,Türkiye,Midfielder,Brighton,389,6,1,0,2,1,150,5,64.833,0.333,0.5,0
19030,M. O&apos;Riley,Denmark,Midfielder,Brighton,938,21,2,2,15,7,360,21,44.667,0.714,0.133,0
141901,Jota Silva,Portugal,Attacker,Nottingham Forest,833,31,3,1,16,7,171,14,26.871,0.516,0.188,1
278370,D. Gómez,Paraguay,Midfielder,Brighton,507,16,1,0,7,3,289,9,31.688,0.438,0.143,0
392610,H. Howell,England,Attacker,Brighton,6,1,0,0,0,0,9,0,6.0,0.0,0.0,1
380492,Eric Emanuel da Silva Moreira,Germany,Attacker,Nottingham Forest,28,2,0,0,0,0,5,0,14.0,0.0,0.0,1
51494,M. Ugarte,Uruguay,Midfielder,Manchester United,1790,29,1,2,12,4,897,10,61.724,0.414,0.083,0
70100,J. Zirkzee,Netherlands,Attacker,Manchester United,1393,32,3,1,19,11,405,12,43.531,0.594,0.158,1
389309,O. Martin,Denmark,Attacker,Manchester United,159,7,0,0,2,1,24,0,22.714,0.286,0.0,1
367634,A. Agbinone,England,Midfielder,Crystal Palace,4,2,0,0,1,0,2,1,2.0,0.5,0.0,0
2601,D. Kamada,Japan,Midfielder,Crystal Palace,1553,34,0,0,11,4,716,20,45.676,0.324,0.0,0
152856,Evanilson,Brazil,Attacker,Bournemouth,2337,31,10,1,57,32,341,26,75.387,1.839,0.175,1
402434,Remy Rees-Dottin,England,Attacker,Bournemouth,0,1,0,0,0,0,0,0,0.0,0.0,0.0,1
402640,R. Esse,England,Midfielder,Crystal Palace,135,7,1,1,1,1,42,3,19.286,0.143,1.0,0
402432,Ben Winterburn,England,Midfielder,Bournemouth,20,4,0,0,0,0,7,0,5.0,0.0,0.0,0
392270,Marc Guiu,Spain,Attacker,Chelsea,71,3,0,0,0,0,16,1,23.667,0.0,0.0,1
405360,H. Armstrong,England,Midfielder,Everton,45,3,0,0,1,0,13,1,15.0,0.333,0.0,0
270510,M. Tel,France,Attacker,Tottenham,913,13,2,1,14,9,223,14,70.231,1.077,0.143,1
347316,L. Bergvall,Sweden,Midfielder,Tottenham,1202,27,0,1,7,2,688,12,44.519,0.259,0.0,0
47311,Mikel Merino,Spain,Midfielder,Arsenal,1581,28,7,2,31,15,558,18,56.464,1.107,0.226,0
30410,F. Chiesa,Italy,Attacker,Liverpool,104,6,0,0,3,2,28,2,17.333,0.5,0.0,1
282126,Carlos Forbs,Portugal,Attacker,Wolves,232,10,0,0,0,0,80,2,23.2,0.0,0.0,1
